Model,MSE,R2,Correlation
Random Forest,4.807508779035713,0.08689291946140287,0.3986840149837113
Neural Network,18.222951096508737,-2.4611493060795326,0.19462540356440644
Linear Regression,4.582167766079859,0.12969273198863063,0.49372318069168186
Gradient Boosting,5.646386700925598,-0.07243811983392212,0.2001168851414072
Elastic Net,5.692089348117826,-0.081118584637764,0.3205960452001453
Support Vector Regressor,5.859608991238135,-0.11293618067201061,0.3530325993687212
LightGBM,4.618863636085965,0.12272295610902828,0.4806481372498662
